{"confusion_matrix": [[0, 1], [57, 67]], "report": {"0": {"precision": 0.9852941176470589, "recall": 0.5403225806451613, "f1-score": 0.6979166666666666, "support": 124}, "1": {"precision": 0.0, "recall": 0.0, "f1-score": 0.0, "support": 1}, "accuracy": 0.536, "macro avg": {"precision": 0.49264705882352944, "recall": 0.2701612903225806, "f1-score": 0.3489583333333333, "support": 125}, "weighted avg": {"precision": 0.9774117647058824, "recall": 0.536, "f1-score": 0.6923333333333332, "support": 125}}}